ID,label
101262,
101488,
102105,
102588,
102909,
104029,
105264,
105777,
106515,
106694,
106776,
107880,
112038,
112122,
112509,
112538,
113516,
114119,
114432,
114691,
115683,
116115,
116255,
116570,
118596,
118733,
119698,
120469,
120612,
123425,
124218,
126014,
126407,
126687,
126876,
126903,
127157,
127498,
127796,
128226,
130378,
130851,
131119,
132298,
133735,
133758,
133925,
134829,
135978,
136586,
138022,
138926,
139147,
139523,
140027,
140471,
140650,
142119,
142326,
143422,
144190,
144576,
147842,
150164,
151172,
151603,
151953,
153088,
153292,
154260,
154484,
154691,
155015,
155707,
155774,
156168,
156307,
157664,
158513,
159054,
159466,
160325,
161687,
161915,
163014,
164632,
164696,
164865,
166698,
168656,
169444,
170167,
171173,
171349,
171596,
171935,
172270,
172302,
172521,
172646,
174375,
174920,
175976,
177505,
177637,
178584,
178785,
179361,
179776,
179983,
180437,
180590,
180855,
180877,
181929,
181978,
182137,
183323,
183653,
184306,
184505,
185483,
186142,
186322,
187598,
189494,
190409,
190592,
191035,
191523,
192216,
194390,
194733,
195218,
195878,
196312,
196614,
199804,
200053,
201627,
201849,
204313,
204729,
204817,
205035,
205625,
206592,
206925,
208728,
208911,
208981,
209273,
209515,
209743,
210531,
211398,
211725,
211818,
212448,
212594,
212883,
212939,
213061,
213404,
213427,
213884,
214108,
215442,
216138,
217681,
218376,
219546,
220419,
220906,
222152,
222606,
222778,
223592,
223876,
223981,
226141,
226443,
226727,
228019,
228216,
228541,
228593,
229629,
229882,
230153,
231033,
231052,
231936,
233191,
235065,
235925,
235988,
236534,
237329,
237402,
238541,
238604,
238634,
240298,
240532,
240557,
242071,
243327,
243372,
243427,
247077,
247982,
248936,
249895,
250581,
253377,
253997,
254000,
257038,
257820,
259391,
260827,
261479,
263253,
264408,
265186,
266191,
266197,
267632,
268516,
268828,
270053,
270121,
270778,
271109,
271122,
271125,
273177,
274260,
274457,
274475,
276166,
276498,
277654,
279370,
279453,
280312,
280502,
281288,
282206,
283217,
283478,
284339,
284449,
285726,
286847,
287345,
287887,
288163,
290421,
290571,
290577,
290921,
292286,
293716,
293911,
294787,
297059,
297767,
298049,
298730,
299987,
300103,
300462,
301523,
302216,
303295,
303535,
304152,
304277,
306184,
306395,
307772,
308492,
308572,
310134,
310218,
310254,
310977,
311507,
312412,
312905,
313522,
313576,
314000,
314366,
314981,
315341,
315805,
316048,
316719,
318406,
318946,
320909,
321028,
321419,
321769,
322040,
322288,
322715,
322843,
322895,
325547,
325579,
325660,
328798,
329220,
329378,
329895,
330442,
331116,
331343,
332389,
336204,
336521,
337692,
337755,
338154,
339108,
339197,
341068,
341236,
342392,
343052,
343347,
343826,
344011,
346162,
346254,
346337,
347511,
347714,
348559,
349269,
349666,
351699,
354740,
355117,
355856,
356400,
357546,
357758,
358115,
358144,
358482,
358820,
359180,
361509,
361527,
361986,
362344,
363717,
364551,
364942,
365371,
365861,
366036,
366328,
366900,
367190,
368880,
368884,
370275,
370869,
373044,
373601,
374713,
375271,
375445,
375570,
376159,
376353,
378973,
379629,
380110,
383257,
383475,
383606,
384165,
384780,
384898,
385856,
386752,
388112,
389267,
390311,
390379,
390971,
392389,
394851,
395629,
396592,
396758,
397341,
397426,
398113,
399502,
400856,
401222,
401297,
401359,
402204,
402398,
403037,
403211,
405201,
406425,
407628,
407902,
409289,
410077,
410388,
411608,
412090,
412224,
413373,
414066,
414310,
415875,
416902,
417021,
417198,
418885,
421300,
421892,
422159,
422552,
423807,
423907,
424479,
426701,
427094,
427566,
427610,
430220,
430413,
431336,
431402,
431698,
433249,
435246,
435395,
438095,
438259,
439620,
439708,
439868,
439919,
440152,
440374,
446600,
447509,
447879,
448754,
449388,
450310,
451348,
451810,
451928,
452690,
453206,
453556,
453625,
453827,
454652,
454853,
454872,
454951,
455394,
456319,
456811,
457095,
458340,
458986,
461173,
461273,
461549,
461720,
463487,
463998,
464363,
465361,
465453,
465872,
467108,
467416,
467621,
468358,
468457,
469128,
469218,
469592,
470115,
470277,
470434,
470959,
471775,
472226,
472346,
473184,
473592,
473817,
475697,
476110,
476138,
476250,
477639,
478121,
478380,
478862,
480603,
481355,
482189,
482359,
483362,
484285,
484643,
485983,
486078,
487179,
487382,
487936,
488148,
488404,
489035,
489491,
491043,
491359,
491691,
492407,
493109,
493135,
493538,
493711,
493885,
495337,
495489,
497309,
497536,
497965,
498175,
498449,
498754,
499042,
499066,
499185,
499409,
500240,
500817,
501757,
501930,
502071,
502984,
503348,
503548,
504212,
506324,
508023,
508214,
508417,
508693,
509386,
509746,
510330,
510638,
510656,
510871,
511152,
511595,
512047,
513118,
513498,
513665,
514669,
514849,
515394,
515625,
516382,
517034,
517454,
519554,
520494,
521571,
522166,
522784,
523897,
524598,
524913,
526073,
526153,
526459,
526925,
527643,
527675,
528139,
528444,
529709,
531849,
531925,
532593,
533278,
537165,
537484,
537526,
537571,
538665,
538723,
539081,
540715,
541024,
541446,
541767,
542615,
544296,
545114,
545301,
546021,
546997,
547151,
547190,
547366,
547467,
548788,
550843,
551670,
551864,
551907,
551979,
553142,
553464,
553893,
554116,
554696,
556434,
556897,
556931,
557032,
560034,
561107,
561962,
562408,
562658,
563208,
564199,
564409,
564795,
565083,
566353,
567744,
569000,
569838,
570296,
571665,
571815,
572605,
572863,
573274,
573837,
574558,
575397,
576725,
578776,
578789,
578922,
580683,
581110,
581129,
581743,
582032,
583366,
584205,
584801,
584837,
585085,
585200,
588757,
590046,
590581,
592394,
592952,
593680,
594106,
596524,
598562,
598590,
598832,
599152,
600053,
600284,
601737,
601805,
601825,
602455,
603488,
604125,
604417,
605516,
606224,
607191,
608927,
609288,
609325,
612185,
613019,
613372,
613587,
613943,
614325,
614496,
614901,
616030,
617049,
618280,
618400,
619572,
621165,
621589,
622869,
623769,
624006,
625220,
627492,
628810,
628904,
629718,
630122,
632648,
634420,
635352,
635545,
638658,
638896,
639574,
639621,
640718,
642183,
642356,
643507,
643722,
644676,
644710,
645289,
647216,
647553,
650525,
650646,
651488,
651985,
652038,
652315,
653357,
654114,
654188,
656071,
656585,
657064,
657998,
658157,
658201,
659598,
659638,
662750,
662943,
663254,
663916,
663948,
664180,
664304,
664624,
664731,
665347,
665772,
667678,
669052,
669385,
670269,
670703,
671376,
671598,
672012,
672703,
674270,
674928,
676055,
676408,
676803,
677300,
677711,
679324,
680388,
680781,
680882,
681138,
682033,
683099,
684064,
685266,
687506,
687941,
688023,
688170,
688465,
690794,
694070,
695485,
695689,
695786,
696577,
696619,
696913,
697057,
697962,
698240,
699889,
699939,
701045,
701881,
702268,
703142,
703524,
703910,
706024,
706232,
706259,
707989,
708404,
708862,
708976,
709178,
709296,
709869,
710368,
712245,
713254,
714266,
714358,
714972,
715230,
715348,
716570,
717337,
717748,
718671,
719052,
721718,
722072,
722144,
723701,
724026,
724584,
725604,
727974,
728340,
731091,
731714,
733087,
734026,
734088,
737747,
737993,
738038,
738298,
739355,
741047,
743328,
743899,
743953,
744403,
744486,
744846,
745663,
745672,
745803,
746529,
747382,
747391,
747715,
747910,
747957,
748425,
748715,
749876,
749917,
750696,
752281,
752709,
753086,
754902,
756158,
756231,
756232,
756607,
757352,
760392,
760495,
760812,
761210,
761904,
763793,
764016,
764409,
764946,
765334,
765826,
765942,
766001,
766288,
766732,
766953,
767474,
768472,
769219,
769860,
771578,
772302,
775356,
775392,
775967,
776363,
777616,
778538,
779482,
783760,
784304,
785430,
786264,
789114,
789183,
789401,
789643,
789794,
790055,
791755,
791863,
794648,
795351,
795432,
795433,
795603,
796136,
796717,
796917,
797583,
797975,
798283,
798852,
798931,
799685,
800838,
801135,
801402,
801958,
802679,
803021,
803197,
803250,
803473,
803711,
804075,
805243,
806739,
806908,
807038,
807737,
808315,
808978,
810854,
813816,
813891,
814194,
815014,
815331,
815653,
816218,
816447,
816758,
822616,
823015,
824011,
824758,
824792,
827876,
829357,
830060,
830549,
831023,
831507,
832267,
832474,
832815,
833057,
834026,
834482,
834523,
834897,
835403,
836183,
836350,
836806,
837774,
837887,
837957,
839120,
839770,
841380,
843171,
843917,
846423,
846759,
847076,
848346,
848423,
848575,
848780,
849111,
849640,
850532,
850622,
851469,
851969,
852754,
853452,
853899,
854060,
855206,
855301,
856600,
856987,
859395,
859489,
860608,
862235,
863272,
864214,
865590,
866012,
866355,
867226,
867321,
867432,
870054,
870190,
870279,
870940,
871324,
871921,
872970,
873020,
873345,
875189,
876143,
878257,
878439,
878685,
879604,
879608,
879863,
879882,
879994,
880079,
880798,
881448,
882795,
882829,
884703,
884990,
887012,
887923,
889298,
890661,
890681,
891145,
892006,
892262,
892657,
892900,
895110,
896677,
896682,
899392,
899405,
899408,
900555,
900760,
900792,
901333,
902718,
903622,
903637,
904422,
904726,
906891,
906913,
907369,
909214,
909660,
911458,
915143,
915322,
915335,
915337,
915850,
916492,
916878,
917260,
917509,
917516,
917788,
918247,
918358,
919539,
920190,
920833,
920857,
921014,
921434,
922102,
923365,
924267,
924342,
924506,
925120,
925621,
925882,
926365,
926770,
927100,
927468,
927693,
932035,
933250,
933337,
934906,
936011,
937144,
938732,
940865,
941421,
941809,
941819,
942354,
942578,
943213,
943387,
943730,
943950,
944249,
944507,
945619,
945832,
945976,
946971,
947757,
948832,
950559,
950595,
950904,
951540,
951561,
951638,
951893,
953749,
954930,
955994,
956141,
956618,
957655,
957679,
958311,
958907,
959320,
959916,
959931,
960220,
960343,
960666,
962609,
963256,
963553,
965000,
965283,
965830,
966120,
969739,
971287,
972564,
972810,
973398,
973908,
974899,
975052,
975103,
976391,
976825,
976996,
977326,
978602,
979497,
979512,
980371,
980662,
981130,
981587,
981757,
981868,
982873,
983772,
985466,
986010,
986805,
988484,
988680,
990123,
990414,
991378,
991395,
991526,
991881,
992295,
992354,
992688,
992923,
993121,
993644,
994951,
995068,
995773,
995920,
996409,
996553,
996564,
997149,
997713,
998418,
998652,
998800,
999797,
